timestamp,Central_Western_General,Eastern_General,Kwai_Chung_General,Kwun_Tong_General,North_General,Sha_Tin_General,Sham_Shui_Po_General,Southern_General,Tai_Po_General,Tap_Mun_General,Tseung_Kwan_O_General,Tsuen_Wan_General,Tuen_Mun_General,Tung_Chung_General,Yuen_Long_General,Causeway_Bay_Roadside,Central_Roadside,Mong_Kok_Roadside
2026-03-27 08:10,4,5,4,4,4,4,4,4,4,4,5,4,4,2,3,4,4,5
2026-03-27 08:16,4,5,4,4,4,4,4,4,4,4,5,4,4,2,3,4,4,5
2026-03-27 09:07,4,5,4,4,4,4,4,4,4,4,5,4,4,2,3,4,4,5
2026-03-27 09:15,4,5,4,4,4,4,4,4,4,4,5,4,4,2,3,4,4,5
2026-03-27 09:44,4,5,4,4,4,4,4,4,4,4,4,4,4,2,3,4,4,4
2026-03-27 12:40,4,4,4,4,4,4,4,4,4,4,4,3,4,2,3,4,4,4
2026-03-27 14:04,4,4,3,4,3,4,4,4,4,4,4,3,4,2,3,4,4,4
2026-03-27 15:42,4,4,3,4,3,3,4,3,4,3,4,3,3,2,3,4,4,4
2026-03-27 16:42,4,4,3,3,3,3,4,3,4,3,4,3,3,2,3,4,4,4
2026-03-27 17:42,3,4,3,3,3,3,3,3,4,2,4,3,3,2,3,3,4,4
2026-03-27 18:43,3,4,3,3,3,3,3,3,3,2,4,3,3,2,2,3,3,3
2026-03-27 19:35,3,4,3,3,3,3,3,3,3,3,4,2,3,2,2,3,3,3
2026-03-27 20:27,3,4,3,3,3,3,3,3,3,3,4,2,3,2,2,3,3,3
2026-03-27 21:26,3,4,3,3,3,3,3,3,3,3,3,2,3,2,2,3,3,3
2026-03-27 22:21,3,4,3,3,3,2,3,3,3,3,3,2,3,2,2,3,3,3
2026-03-27 23:22,3,3,3,3,3,2,3,3,3,3,3,2,3,2,2,3,3,3
2026-03-28 01:13,3,3,3,3,3,2,3,2,3,2,3,2,3,2,2,3,3,3
2026-03-28 04:10,3,3,3,3,3,3,3,3,3,3,3,3,3,2,3,3,3,3
2026-03-28 05:50,3,3,3,3,3,3,3,3,3,3,3,3,3,2,3,3,3,3
2026-03-28 06:45,3,3,3,3,3,3,3,3,3,4,3,3,3,2,3,3,3,3
2026-03-28 07:38,3,4,3,3,3,3,3,3,3,3,3,3,3,2,3,3,3,3
2026-03-28 08:28,3,4,3,3,3,3,3,3,3,3,3,3,3,2,3,3,3,3
2026-03-28 09:28,3,4,3,3,3,3,3,3,3,4,4,3,3,2,3,3,3,3
2026-03-28 10:22,3,4,3,4,3,3,3,3,3,4,4,3,3,2,3,3,3,3
2026-03-28 11:20,3,4,3,4,3,3,3,3,4,4,4,3,3,2,3,4,3,3
2026-03-28 12:32,3,4,3,4,3,4,3,3,4,4,4,3,3,2,3,4,4,4
2026-03-28 13:43,4,4,3,4,3,4,4,3,4,4,4,3,3,2,3,4,4,4
2026-03-28 14:23,4,4,3,4,3,4,4,3,4,4,4,3,3,2,3,4,4,4
2026-03-28 15:22,4,4,3,4,3,4,3,3,4,4,4,3,3,2,3,4,4,4
2026-03-28 16:22,4,4,3,4,3,4,4,4,4,4,4,3,3,2,3,4,4,4
2026-03-28 17:20,4,4,3,4,4,4,4,4,4,4,4,3,3,2,3,4,4,4
2026-03-28 18:26,4,4,3,4,4,4,4,4,4,4,4,3,3,2,3,4,4,4
2026-03-28 19:22,4,4,4,4,4,4,3,4,4,3,4,3,3,2,3,4,4,4
2026-03-28 20:18,4,4,3,4,4,4,3,4,4,4,4,3,3,2,3,4,4,4
2026-03-28 21:21,4,4,3,4,3,4,3,4,4,3,4,3,3,2,3,4,4,4
2026-03-28 22:18,4,4,3,4,3,4,3,4,4,3,4,3,3,2,3,4,4,4
2026-03-28 23:21,4,4,3,4,3,4,3,3,3,3,4,3,3,2,3,4,4,4
2026-03-29 01:23,4,4,3,4,3,3,3,3,3,3,4,3,3,2,3,4,4,4
2026-03-29 04:29,4,4,3,4,3,4,4,4,3,4,4,3,3,2,3,4,4,4
2026-03-29 06:06,4,4,4,4,4,4,4,4,4,4,4,3,4,2,3,4,4,4
2026-03-29 07:45,4,4,4,4,4,4,4,4,4,4,4,3,4,3,3,4,4,4
2026-03-29 08:29,4,4,4,4,4,4,4,4,4,4,4,3,4,3,3,4,4,4
2026-03-29 09:27,4,4,4,4,4,4,4,4,4,4,5,3,4,3,3,4,4,4
2026-03-29 10:23,4,5,4,4,4,4,4,4,4,4,5,3,4,2,3,4,4,4
2026-03-29 11:20,4,5,4,4,4,4,4,4,4,4,5,3,4,2,3,4,4,4
2026-03-29 12:32,4,4,3,4,4,3,4,4,4,4,4,3,4,2,3,4,4,4
2026-03-29 13:45,4,4,3,4,3,3,4,3,4,3,4,3,3,2,3,4,4,4
2026-03-29 14:25,4,4,3,4,3,3,4,3,4,3,4,3,3,2,3,4,4,4
2026-03-29 15:21,3,4,3,4,3,3,4,3,4,3,4,3,3,2,3,4,4,4
2026-03-29 16:24,3,4,3,3,3,3,3,3,3,3,4,3,3,2,3,3,4,4
2026-03-29 17:21,3,4,3,4,3,3,3,2,3,4,4,3,3,2,2,3,3,4
2026-03-29 18:27,3,4,3,3,3,3,3,2,3,4,4,2,3,2,2,3,3,3
2026-03-29 19:25,3,3,3,3,3,3,3,2,3,4,3,2,3,2,2,3,4,3
2026-03-29 20:20,2,3,2,3,3,2,3,2,3,3,3,2,3,2,2,2,3,3
2026-03-29 21:23,2,2,2,2,3,2,2,2,3,3,2,2,2,2,2,2,3,2
2026-03-29 22:20,2,2,2,2,2,2,2,2,2,3,2,2,2,2,2,2,2,2
2026-03-29 23:23,2,2,2,2,2,2,2,2,2,2,2,2,2,2,2,2,2,2
2026-03-30 01:23,2,2,2,2,2,2,2,2,2,2,2,2,2,2,2,2,2,2
2026-03-30 04:37,3,3,4,3,3,3,3,3,3,3,3,3,4,2,3,4,3,3
2026-03-30 06:24,4,4,4,4,4,4,4,4,4,4,4,4,4,2,4,4,4,4
2026-03-30 08:16,3,3,4,3,4,4,4,3,4,5,4,4,4,2,4,3,3,4
2026-03-30 10:07,2,3,3,3,4,3,3,3,4,4,4,3,3,2,3,3,3,3
2026-03-30 11:47,2,3,2,3,4,3,2,3,3,4,3,2,3,2,2,3,3,3
2026-03-30 12:54,2,3,2,3,3,3,2,3,3,4,3,2,3,2,2,3,3,3
2026-03-30 14:22,2,3,2,3,3,2,2,2,3,4,3,2,2,2,2,3,2,3
2026-03-30 16:00,2,2,2,2,3,2,2,2,3,3,2,2,2,2,2,3,2,2
2026-03-30 17:00,2,2,2,2,3,2,2,2,2,2,2,2,2,2,2,2,2,2
2026-03-30 17:55,2,2,2,2,3,2,2,2,2,2,2,2,2,2,2,2,2,2
2026-03-30 18:46,2,2,2,2,2,2,2,2,2,2,2,2,2,2,2,2,2,2
2026-03-30 19:48,2,2,2,2,2,2,2,2,2,2,2,2,2,2,2,2,2,2
2026-03-30 20:35,2,2,2,2,2,2,2,2,2,2,2,2,2,2,2,2,2,2
2026-03-30 21:33,2,2,2,2,2,2,2,2,2,2,2,2,2,2,2,2,2,2
2026-03-30 22:24,2,2,2,2,2,2,2,2,2,2,2,2,2,2,2,2,2,2
2026-03-30 23:26,2,2,2,2,2,2,2,2,2,2,2,2,2,2,2,2,2,2
2026-03-31 01:21,3,2,2,2,2,2,2,2,2,2,2,2,2,2,2,3,3,2
2026-03-31 04:28,3,3,3,3,3,3,3,3,3,2,3,3,3,2,2,3,3,3
2026-03-31 06:10,3,3,3,3,3,3,3,3,3,3,3,3,3,2,2,3,3,3
2026-03-31 08:01,3,3,3,3,3,3,3,3,3,3,3,3,3,3,3,3,3,3
2026-03-31 09:55,3,3,3,3,3,3,3,3,3,3,3,3,3,3,3,3,3,3
2026-03-31 10:44,3,3,3,3,3,3,3,3,3,3,3,3,3,2,3,3,3,3
2026-03-31 11:41,3,3,3,3,3,3,3,3,3,3,3,3,3,3,3,3,3,3
2026-03-31 12:53,3,3,3,3,3,3,3,3,3,3,3,3,3,3,3,3,3,3
2026-03-31 14:22,3,3,3,3,3,3,3,3,3,2,3,3,3,3,3,3,3,3
2026-03-31 15:59,3,3,3,3,3,3,3,3,2,2,3,3,3,3,2,3,3,3
2026-03-31 16:57,3,3,3,3,3,3,3,3,2,1,3,2,3,3,2,3,3,3
2026-03-31 17:55,3,3,3,3,3,3,3,3,2,1,3,2,3,2,2,3,3,3
2026-03-31 18:46,3,3,3,3,3,3,3,3,2,01,3,2,3,2,2,3,3,3
2026-03-31 19:48,3,3,3,3,3,3,3,3,2,01,3,2,3,2,2,3,3,2
2026-03-31 20:33,2,3,2,3,2,3,2,3,2,2,3,2,3,2,2,2,2,2
2026-03-31 21:29,2,3,2,3,2,3,2,3,2,2,3,2,3,2,2,2,2,2
2026-03-31 22:25,2,3,2,2,2,2,2,3,2,2,3,2,3,2,2,2,2,2
2026-03-31 23:25,2,3,2,2,2,2,2,2,2,2,3,2,3,2,2,2,2,2
2026-04-01 01:28,2,2,2,2,2,2,2,2,2,3,2,2,3,2,2,3,2,2
2026-04-01 04:40,3,3,3,3,3,3,3,3,3,3,3,3,3,2,3,3,3,3
2026-04-01 06:21,3,3,3,3,4,3,3,3,4,4,4,3,4,2,3,4,4,3
2026-04-01 08:09,4,4,4,4,6,4,4,4,5,5,4,4,5,5,5,5,4,4
2026-04-01 09:59,5,5,6,5,7,6,5,5,6,5,5,7,8,7,7,5,5,5
2026-04-01 10:58,5,5,7,5,8,6,5,5,7,5,5,7,7,4,8,5,5,5
2026-04-01 11:52,6,5,7,5,8,7,5,5,6,5,5,7,7,4,8,5,6,6
2026-04-01 12:55,6,5,7,5,7,7,6,5,6,4,5,6,8,4,7,5,6,6
2026-04-01 14:25,6,5,6,5,6,6,6,5,5,4,5,6,7,3,6,5,6,6
2026-04-01 16:01,5,5,5,4,4,5,5,4,4,4,4,5,5,3,4,4,4,5
2026-04-01 17:41,4,4,4,4,4,4,4,4,4,3,4,4,4,3,4,4,5,4
2026-04-01 18:45,4,4,4,4,4,4,4,3,4,3,4,4,4,3,4,4,4,4
2026-04-01 19:52,4,4,4,3,4,4,3,3,4,3,4,4,4,3,4,3,4,4
2026-04-01 20:35,4,4,4,3,4,4,3,3,3,4,4,3,4,3,3,3,4,3
2026-04-01 21:33,4,4,4,4,4,4,4,3,3,4,4,3,4,3,3,3,4,4
2026-04-01 22:27,4,4,4,4,4,4,4,3,3,4,4,3,4,3,3,3,4,4
2026-04-01 23:28,4,4,4,4,4,4,4,4,4,4,4,3,4,2,3,3,4,4
2026-04-02 01:18,4,4,4,4,4,4,3,4,4,4,4,3,4,3,3,4,4,4
2026-04-02 04:20,4,4,4,4,4,4,4,4,4,4,4,3,4,3,3,4,4,4
2026-04-02 06:05,4,4,4,4,4,4,4,4,4,4,4,3,4,3,3,4,4,4
2026-04-02 07:59,4,5,4,4,4,4,4,4,4,4,4,4,4,3,4,4,4,4
2026-04-02 08:58,4,5,4,4,4,4,4,4,4,4,4,4,4,3,4,4,4,4
2026-04-02 10:00,4,5,4,4,4,4,4,4,4,4,5,4,4,3,4,4,4,4
2026-04-02 11:38,4,5,4,5,4,5,4,4,4,4,5,4,4,3,4,4,4,5
2026-04-02 12:48,4,5,4,5,4,5,4,4,5,4,5,4,4,3,4,4,4,5
2026-04-02 14:16,4,5,4,4,4,5,4,4,4,4,5,4,4,3,4,4,4,5
2026-04-02 15:51,4,5,4,4,4,5,4,4,4,4,5,4,4,3,3,4,4,4
2026-04-02 16:45,4,5,4,4,4,5,4,4,4,4,4,4,4,3,3,4,4,4
2026-04-02 17:41,4,4,4,4,4,5,4,4,4,4,4,4,4,3,3,4,4,4
2026-04-02 18:41,4,4,4,4,4,4,4,4,4,4,4,3,4,3,3,4,5,4
2026-04-02 19:42,4,4,4,4,4,4,4,4,4,4,4,3,4,3,3,4,4,4
2026-04-02 20:25,4,4,4,4,4,4,4,4,4,4,4,3,4,3,3,4,4,4
2026-04-02 21:27,4,4,4,4,4,4,4,4,4,4,4,3,4,3,3,4,4,4
2026-04-02 22:23,3,4,4,4,4,4,4,4,4,4,4,3,4,2,3,3,4,4
2026-04-02 23:24,3,4,3,3,4,3,3,3,4,4,4,3,3,2,3,3,4,4
2026-04-03 01:20,3,3,3,3,3,3,3,3,3,4,3,3,3,2,3,3,3,3
2026-04-03 04:21,3,3,3,3,3,3,3,3,3,3,3,3,3,2,2,3,3,3
2026-04-03 06:06,3,3,3,3,3,3,3,3,3,3,3,3,3,2,2,3,3,3
2026-04-03 07:56,3,3,3,3,3,3,3,3,3,3,3,3,3,3,3,3,3,3
2026-04-03 08:43,3,3,3,3,3,3,3,3,3,3,3,3,3,3,3,3,3,3
2026-04-03 09:44,3,3,3,3,3,3,3,3,3,3,3,3,3,3,3,3,3,3
2026-04-03 10:34,3,3,3,3,3,3,3,3,3,3,3,3,3,3,3,3,3,3
2026-04-03 11:31,3,3,3,3,3,3,3,3,3,3,3,3,3,3,3,3,3,3
2026-04-03 12:39,3,3,3,3,3,3,3,3,3,3,3,3,3,3,3,3,3,3
2026-04-03 13:56,3,3,3,3,3,3,3,3,3,2,3,3,3,3,3,3,3,3
2026-04-03 14:38,3,3,3,3,3,3,3,3,3,2,3,3,3,3,2,3,3,3
2026-04-03 15:33,3,3,3,3,3,3,3,3,3,2,3,3,3,3,2,3,3,3
2026-04-03 16:28,3,3,3,3,3,3,3,3,3,2,3,3,3,3,2,3,3,3
2026-04-03 17:25,3,3,3,3,3,3,3,3,3,2,3,2,3,3,2,3,3,3
2026-04-03 18:33,3,3,3,3,3,3,3,3,3,2,3,3,3,3,2,3,3,3
2026-04-03 19:32,3,3,3,3,3,3,3,3,3,2,3,2,3,3,2,3,3,3
2026-04-03 20:25,3,3,3,3,3,3,3,3,3,2,3,2,3,3,2,3,3,3
2026-04-03 21:24,3,3,2,3,3,3,2,3,3,2,3,2,3,3,2,3,3,2
2026-04-03 22:23,3,3,2,3,3,3,3,3,3,2,3,2,3,3,2,3,3,2
2026-04-03 23:24,3,3,2,3,3,2,3,3,3,2,3,2,3,3,2,3,3,2
2026-04-04 01:14,3,3,2,3,2,2,3,2,2,2,3,2,3,2,2,3,3,3
2026-04-04 04:07,3,3,3,3,3,3,3,3,2,2,3,2,3,2,2,3,3,3
2026-04-04 05:50,3,3,3,3,3,3,3,3,3,3,3,3,3,2,3,3,3,3
2026-04-04 06:48,3,3,3,3,3,3,3,3,3,3,3,3,3,2,3,3,3,3
2026-04-04 07:42,3,3,3,3,3,3,3,3,3,3,3,3,3,2,3,3,3,3
2026-04-04 08:29,3,3,3,3,3,3,3,3,3,3,3,3,3,2,3,3,3,3
2026-04-04 09:28,3,3,3,3,3,3,3,3,3,3,3,3,3,2,3,3,3,3
2026-04-04 10:23,3,3,3,3,3,3,3,3,3,3,3,3,3,2,3,3,3,3
2026-04-04 11:21,3,3,3,3,3,3,3,3,3,3,3,3,3,2,3,4,3,3
2026-04-04 12:32,3,3,3,3,3,3,3,3,3,2,3,3,3,2,2,4,3,3
2026-04-04 13:45,3,3,3,3,3,3,3,3,3,2,3,3,3,2,2,4,3,3
2026-04-04 14:26,3,3,3,3,3,3,3,3,3,2,3,3,3,2,2,4,3,3
2026-04-04 15:22,3,3,3,3,3,3,3,2,3,1,3,3,3,2,2,4,3,3
2026-04-04 16:23,3,3,2,3,2,3,3,2,2,1,3,2,3,2,2,3,3,3
2026-04-04 17:22,3,3,2,3,2,3,3,2,2,1,3,2,3,2,2,3,3,3
2026-04-04 18:27,3,3,2,3,2,2,3,2,2,1,3,2,3,2,2,3,3,3
2026-04-04 19:24,3,3,2,3,2,2,3,2,2,1,3,2,2,2,2,3,3,3
2026-04-04 20:19,3,3,2,3,2,2,3,2,2,1,3,2,2,2,2,3,3,3
2026-04-04 21:23,3,3,2,3,2,2,3,2,2,1,3,2,2,2,2,3,3,3
2026-04-04 22:19,3,3,2,3,2,3,3,2,2,1,3,2,2,2,2,3,3,3
2026-04-04 23:21,3,3,2,2,3,3,3,3,2,1,3,2,2,2,2,3,3,3
2026-04-05 01:24,3,3,3,3,3,3,3,3,3,2,3,3,2,2,2,3,3,3
2026-04-05 04:29,3,3,3,3,3,3,3,3,3,3,3,3,3,2,3,3,3,3
2026-04-05 06:09,3,4,3,3,3,3,3,3,3,3,3,3,2,2,3,3,3,3
2026-04-05 07:49,3,3,3,3,3,3,3,3,3,3,3,3,3,2,3,3,3,3
2026-04-05 08:32,3,3,3,3,3,3,3,3,3,3,3,3,3,2,3,3,3,3
2026-04-05 09:30,3,4,3,3,3,3,3,4,3,4,3,3,3,2,3,3,3,3
2026-04-05 10:24,3,4,3,3,3,3,3,4,3,4,3,3,3,2,3,3,3,3
2026-04-05 11:22,3,4,3,3,3,3,3,4,4,4,4,3,3,3,3,3,3,4
2026-04-05 12:34,4,4,3,4,3,4,4,4,3,4,4,3,4,2,3,4,4,4
2026-04-05 13:46,4,4,3,4,3,4,4,4,3,3,4,3,4,2,3,4,3,4
2026-04-05 14:27,4,4,3,4,3,4,4,4,3,3,4,3,4,2,3,4,3,4
2026-04-05 15:22,3,4,3,3,3,4,3,4,3,3,4,3,3,2,3,4,3,4
2026-04-05 16:25,3,4,3,3,3,3,3,4,3,3,3,3,3,2,3,3,3,3
2026-04-05 17:21,3,3,3,3,3,3,3,3,3,3,3,3,3,2,3,3,3,3
2026-04-05 18:28,3,3,3,3,3,3,3,3,3,3,3,3,3,2,3,3,3,3
2026-04-05 19:27,3,3,3,3,3,3,3,3,3,2,3,2,3,3,3,3,2,3
2026-04-05 20:21,2,3,2,3,3,3,3,3,3,2,3,2,3,3,2,2,2,3
2026-04-05 21:22,2,3,2,3,3,3,3,2,3,2,2,2,3,3,2,2,2,3
2026-04-05 22:20,2,3,2,2,3,3,3,2,3,2,2,2,3,3,2,2,3,3
2026-04-05 23:24,2,3,2,3,2,3,2,2,3,2,3,2,3,3,2,2,3,3
2026-04-06 01:24,2,3,2,3,3,3,3,2,3,2,3,2,3,2,2,2,3,3
2026-04-06 04:36,2,3,3,3,3,3,3,3,3,2,3,2,2,2,2,3,2,3
2026-04-06 06:24,3,3,3,3,3,3,3,3,3,2,3,2,3,2,2,3,2,3
2026-04-06 08:17,3,3,3,3,3,3,3,3,3,2,3,2,3,2,2,3,2,3
2026-04-06 10:00,3,3,3,3,3,3,2,3,3,2,3,2,3,2,2,3,2,3
2026-04-06 11:01,2,3,3,3,3,3,2,3,3,2,3,2,3,2,2,3,2,3
2026-04-06 12:46,2,3,2,2,3,3,2,3,2,2,2,2,2,2,2,2,2,3
2026-04-06 14:05,2,3,2,2,2,2,2,2,2,2,2,2,2,2,2,2,2,3
2026-04-06 15:37,2,3,2,2,2,2,2,2,2,2,2,2,2,2,2,2,2,2
2026-04-06 16:36,2,3,2,2,2,2,2,2,2,2,2,2,2,2,2,2,2,2
2026-04-06 17:37,2,3,2,2,2,2,2,2,2,2,2,2,2,2,2,2,2,2
2026-04-06 18:42,2,3,2,2,2,2,2,2,2,2,2,2,2,2,2,2,3,2
2026-04-06 19:44,2,3,2,2,2,2,2,2,2,2,2,2,2,2,2,2,3,2
2026-04-06 20:29,2,3,2,2,2,2,2,2,2,2,2,2,2,2,2,2,3,2
2026-04-06 21:29,2,3,2,2,2,2,2,2,2,2,2,2,2,2,2,2,3,2
2026-04-06 22:26,2,3,2,2,2,2,2,2,2,2,2,2,2,2,2,2,2,2
2026-04-06 23:26,2,3,2,2,2,2,2,2,2,2,2,2,2,2,2,2,2,2
2026-04-07 01:22,2,3,2,2,2,2,2,2,2,2,2,2,2,2,2,2,2,2
2026-04-07 04:25,2,3,2,3,2,2,2,2,2,2,2,2,2,2,2,3,2,3
2026-04-07 06:13,2,3,2,3,3,3,2,2,3,2,3,2,3,2,2,3,3,3
2026-04-07 08:05,2,3,2,2,3,3,2,3,3,2,3,2,3,2,2,3,2,3
2026-04-07 09:58,2,3,2,2,3,3,2,3,2,2,2,2,3,2,2,3,2,3
2026-04-07 10:54,2,3,2,2,2,2,2,2,2,2,2,2,3,2,2,3,2,3
2026-04-07 11:45,2,3,2,2,2,2,2,2,2,2,2,2,3,2,2,3,2,3
2026-04-07 12:56,2,3,2,2,2,2,2,2,2,2,2,2,2,2,2,3,2,3
2026-04-07 14:28,2,3,2,2,2,2,2,2,2,2,2,2,2,2,2,3,2,3
2026-04-07 16:04,2,2,2,2,2,2,2,2,2,2,2,2,2,2,2,2,2,2
2026-04-07 17:49,2,2,2,2,2,2,2,2,2,2,2,2,2,2,2,2,2,2
2026-04-07 18:47,2,2,2,2,2,2,2,2,2,3,2,2,2,2,2,2,2,2
2026-04-07 19:50,2,3,2,3,3,3,2,2,3,3,3,2,2,2,2,2,3,2
2026-04-07 20:36,3,3,3,3,3,3,2,3,3,4,4,2,2,2,2,3,3,3
2026-04-07 21:34,3,4,3,4,4,4,3,3,4,4,4,3,3,2,3,3,4,4
2026-04-07 22:28,3,4,3,4,4,4,3,3,4,4,4,3,3,2,3,3,4,4
2026-04-07 23:29,4,4,4,4,4,4,4,4,4,4,4,3,3,2,3,4,4,4
2026-04-08 01:22,4,4,4,4,4,4,4,4,4,4,4,3,3,2,3,4,4,4
2026-04-08 04:28,4,4,4,4,4,4,4,4,3,4,4,3,3,3,3,4,4,4
2026-04-08 06:15,4,4,4,4,4,4,4,4,3,4,4,3,4,3,3,4,4,4
2026-04-08 08:06,4,4,4,4,4,4,4,4,3,4,4,4,4,3,3,4,4,4
2026-04-08 09:59,4,5,4,4,4,5,4,4,4,4,5,4,4,3,3,4,4,4
2026-04-08 10:58,4,5,4,4,4,5,4,4,4,4,5,4,4,3,3,4,4,4
2026-04-08 11:53,4,5,4,4,4,5,4,4,4,4,5,4,4,3,3,4,4,5
2026-04-08 12:57,4,5,4,4,4,5,4,4,4,4,5,4,4,3,3,4,4,5
2026-04-08 14:29,4,5,4,4,4,5,4,4,4,4,5,4,4,3,3,4,4,5
2026-04-08 16:08,4,4,4,4,4,4,4,4,4,4,4,3,4,3,3,4,4,4
2026-04-08 17:59,4,4,3,4,4,4,4,3,4,4,4,3,4,3,3,4,4,4
2026-04-08 19:16,4,4,3,4,4,4,3,3,4,4,4,3,3,2,3,3,4,4
2026-04-08 20:33,3,4,3,3,3,3,3,3,3,4,4,3,3,2,3,3,4,3
2026-04-08 21:34,3,4,3,3,3,3,3,3,3,4,4,2,3,2,2,3,3,3
2026-04-08 22:29,3,4,3,3,3,3,3,3,3,4,4,2,3,2,2,3,3,3
2026-04-08 23:30,3,4,3,3,3,2,3,2,3,3,4,2,3,2,2,3,3,3
2026-04-09 01:13,3,4,3,4,3,2,3,2,3,3,4,2,3,2,2,3,3,3
2026-04-09 04:24,2,4,3,3,3,3,3,3,3,3,4,2,3,2,2,3,3,3
2026-04-09 06:15,2,3,3,3,3,3,3,3,3,09,4,3,3,2,2,3,3,3
2026-04-09 15:00,3.11,0,2.0,N/A,3.0,N/A,3.0,N/A,3.0,N/A,3.0,N/A,3.0,N/A,3.0,N/A,3.0,N/A,3.0,N/A,9.0,N/A,3.0,N/A,2.0,N/A,3.0,N/A,2.0,N/A,2.0,N/A,3.0,N/A,3.0,N/A,3.0,N/A
2026-04-09 15:00,3.11,0,2.0,N/A,3.0,N/A,3.0,N/A,3.0,N/A,3.0,N/A,2.0,N/A,3.0,N/A,2.0,N/A,3.0,N/A,2.0,N/A,3.0,N/A,3.0,N/A,3.0,N/A,9.0,N/A,3.0,N/A,3.0,N/A,3.0,N/A,3.0,N/A
2026-04-09 15:00,3.11,0,2.0,N/A,3.0,N/A,3.0,N/A,3.0,N/A,3.0,N/A,2.0,N/A,3.0,N/A,2.0,N/A,3.0,N/A,2.0,N/A,3.0,N/A,3.0,N/A,3.0,N/A,9.0,N/A,3.0,N/A,3.0,N/A,3.0,N/A,3.0,N/A
2026-04-09 15:00,3.11,0,2.0,N/A,3.0,N/A,3.0,N/A,3.0,N/A,3.0,N/A,2.0,N/A,3.0,N/A,2.0,N/A,3.0,N/A,2.0,N/A,3.0,N/A,3.0,N/A,3.0,N/A,9.0,N/A,3.0,N/A,3.0,N/A,3.0,N/A,3.0,N/A
2026-04-09 15:00,3.11,0,2.0,N/A,3.0,N/A,3.0,N/A,3.0,N/A,3.0,N/A,2.0,N/A,3.0,N/A,2.0,N/A,3.0,N/A,2.0,N/A,3.0,N/A,3.0,N/A,3.0,N/A,9.0,N/A,3.0,N/A,3.0,N/A,3.0,N/A,3.0,N/A
2026-04-09 15:00,3.11,0,2.0,N/A,3.0,N/A,3.0,N/A,3.0,N/A,3.0,N/A,2.0,N/A,3.0,N/A,2.0,N/A,3.0,N/A,2.0,N/A,3.0,N/A,3.0,N/A,3.0,N/A,9.0,N/A,3.0,N/A,3.0,N/A,3.0,N/A,3.0,N/A
2026-04-09 15:00,3.11,0,2.0,N/A,3.0,N/A,3.0,N/A,3.0,N/A,3.0,N/A,2.0,N/A,3.0,N/A,2.0,N/A,3.0,N/A,2.0,N/A,3.0,N/A,3.0,N/A,3.0,N/A,9.0,N/A,3.0,N/A,3.0,N/A,3.0,N/A,3.0,N/A
2026-04-09 15:00,3.11,0,2.0,N/A,3.0,N/A,3.0,N/A,3.0,N/A,3.0,N/A,2.0,N/A,3.0,N/A,2.0,N/A,3.0,N/A,2.0,N/A,3.0,N/A,3.0,N/A,3.0,N/A,9.0,N/A,3.0,N/A,3.0,N/A,3.0,N/A,3.0,N/A
2026-04-09 16:00,3.11,0,2.0,N/A,3.0,N/A,3.0,N/A,3.0,N/A,3.0,N/A,2.0,N/A,3.0,N/A,2.0,N/A,3.0,N/A,2.0,N/A,3.0,N/A,3.0,N/A,3.0,N/A,9.0,N/A,3.0,N/A,3.0,N/A,3.0,N/A,3.0,N/A
2026-04-09 16:00,3.11,2,3,3,3,3,2,3,2,3,2,3,3,3,9,3,3,3,3
2026-04-09 16:00,3.06,2,3,3,2,3,2,3,2,3,2,3,3,3,9,3,3,3,3
2026-04-09 16:00,3.06,2,3,3,2,3,2,3,2,3,2,3,3,3,9,3,3,3,3
2026-04-09 16:00,3.06,2,3,3,2,3,2,3,2,3,2,3,3,3,9,3,3,3,3
2026-04-09 16:00,3.06,2,3,3,2,3,2,3,2,3,2,3,3,3,9,3,3,3,3
2026-04-09 16:00,2.72,2,3,3,2,3,2,3,2,3,2,3,3,3,3,3,3,3,3
2026-04-09 17:00,2.72,2,3,3,2,3,2,3,2,3,2,3,3,3,3,3,3,3,3
2026-04-09 18:00,2.67,2,3,3,2,3,2,3,2,3,2,2,3,3,3,3,3,3,3
2026-04-09 19:00,2.39,2,3,2,2,2,2,3,2,3,2,2,2,3,2,3,3,3,2
2026-04-09 20:00,2.17,2,3,2,2,2,2,2,2,2,2,2,2,2,2,3,2,3,2
2026-04-09 22:00,2.06,2,3,2,2,2,2,2,2,2,2,2,2,2,2,2,2,2,2
2026-04-10 00:00,2.0,2,2,2,2,2,2,2,2,2,2,2,2,2,2,2,2,2,2
2026-04-10 01:00,2.0,2,2,2,2,2,2,2,2,2,2,2,2,2,2,2,2,2,2
2026-04-10 02:00,2.0,2,2,2,2,2,2,2,2,2,2,2,2,2,2,2,2,2,2
2026-04-10 03:00,2.0,2,2,2,2,2,2,2,2,2,2,2,2,2,2,2,2,2,2
2026-04-10 04:00,2.0,2,2,2,2,2,2,2,2,2,2,2,2,2,2,2,2,2,2
2026-04-10 05:00,2.0,2,2,2,2,2,2,2,2,2,2,2,2,2,2,2,2,2,2
2026-04-10 06:00,2.0,2,2,2,2,2,2,2,2,2,2,2,2,2,2,2,2,2,2
2026-04-10 07:00,2.0,2,2,2,2,2,2,2,2,2,2,2,2,2,2,2,2,2,2
2026-04-10 09:00,2.0,2,2,2,2,2,2,2,2,2,2,2,2,2,2,2,2,2,2
2026-04-10 12:00,2.33,2,3,2,3,2,2,2,2,3,2,2,2,2,2,3,3,3,2
2026-04-10 14:00,2.61,2,3,3,3,3,2,3,2,3,2,2,3,3,2,3,3,3,2
2026-04-10 16:00,2.67,2,3,3,3,3,2,3,2,3,2,2,3,3,2,3,3,3,3
2026-04-10 18:00,2.44,2,3,2,3,2,2,3,2,3,2,2,3,3,2,2,2,3,3
2026-04-10 19:00,2.06,2,2,2,2,2,2,2,2,2,2,2,2,2,2,2,2,3,2
2026-04-10 20:00,2.0,2,2,2,2,2,2,2,2,2,2,2,2,2,2,2,2,2,2
2026-04-10 22:00,2.0,2,2,2,2,2,2,2,2,2,2,2,2,2,2,2,2,2,2
2026-04-10 23:00,2.0,2,2,2,2,2,2,2,2,2,2,2,2,2,2,2,2,2,2
2026-04-11 00:00,2.0,2,2,2,2,2,2,2,2,2,2,2,2,2,2,2,2,2,2
2026-04-11 01:00,2.0,2,2,2,2,2,2,2,2,2,2,2,2,2,2,2,2,2,2
2026-04-11 02:00,2.0,2,2,2,2,2,2,2,2,2,2,2,2,2,2,2,2,2,2
2026-04-11 03:00,2.06,2,3,2,2,2,2,2,2,2,2,2,2,2,2,2,2,2,2
2026-04-11 04:00,2.06,2,3,2,2,2,2,2,2,2,2,2,2,2,2,2,2,2,2
2026-04-11 05:00,2.06,2,3,2,2,2,2,2,2,2,2,2,2,2,2,2,2,2,2
2026-04-11 06:00,2.06,2,3,2,2,2,2,2,2,2,2,2,2,2,2,2,2,2,2
2026-04-11 07:00,2.11,2,3,2,2,2,2,2,2,2,2,2,3,2,2,2,2,2,2
2026-04-11 09:00,2.44,3,3,3,3,3,2,2,2,2,2,2,3,2,2,2,3,3,2
2026-04-11 12:00,2.89,3,3,3,3,3,3,3,2,3,3,3,3,3,2,3,3,3,3
2026-04-11 13:00,2.89,3,3,3,3,3,3,3,2,3,3,3,3,3,2,3,3,3,3
2026-04-11 14:00,2.89,3,3,3,3,3,3,3,2,3,3,3,3,3,2,3,3,3,3
2026-04-11 15:00,2.83,3,3,3,3,3,3,3,2,3,2,3,3,3,2,3,3,3,3
2026-04-11 16:00,2.83,3,3,3,3,3,3,3,2,3,2,3,3,3,2,3,3,3,3
2026-04-11 17:00,2.78,3,3,3,3,3,2,3,2,3,2,3,3,3,2,3,3,3,3
2026-04-11 18:00,2.78,3,3,3,3,3,2,3,2,3,2,3,3,3,2,3,3,3,3
2026-04-11 19:00,2.78,3,3,3,3,3,2,3,2,3,2,3,3,3,2,3,3,3,3
2026-04-11 20:00,2.78,3,3,3,3,3,2,3,2,3,2,3,3,3,2,3,3,3,3
2026-04-11 21:00,2.72,2,3,3,3,3,2,3,2,3,2,3,3,3,2,3,3,3,3
2026-04-11 22:00,2.72,2,3,3,3,3,2,3,2,3,2,3,3,3,2,3,3,3,3
2026-04-11 23:00,2.72,2,3,3,3,3,2,3,2,3,2,3,3,3,2,3,3,3,3
2026-04-12 00:00,2.5,2,3,3,3,2,2,2,2,3,2,3,3,3,2,3,2,3,2
2026-04-12 01:00,2.28,2,3,2,2,2,2,2,2,2,2,2,3,3,2,3,2,3,2
2026-04-12 02:00,2.22,2,3,2,2,2,2,2,2,2,2,2,3,3,2,2,2,3,2
2026-04-12 03:00,2.06,2,2,2,2,2,2,2,2,2,2,2,3,2,2,2,2,2,2
2026-04-12 04:00,2.06,2,2,2,2,2,2,2,2,2,2,2,3,2,2,2,2,2,2
2026-04-12 05:00,2.0,2,2,2,2,2,2,2,2,2,2,2,2,2,2,2,2,2,2
2026-04-12 06:00,2.0,2,2,2,2,2,2,2,2,2,2,2,2,2,2,2,2,2,2
2026-04-12 07:00,2.0,2,2,2,2,2,2,2,2,2,2,2,2,2,2,2,2,2,2
2026-04-12 09:00,2.0,2,2,2,2,2,2,2,2,2,2,2,2,2,2,2,2,2,2
2026-04-12 12:00,2.33,2,3,2,2,2,2,2,2,2,2,3,3,3,2,3,2,3,2
2026-04-12 14:00,2.28,2,3,2,2,2,2,2,2,2,2,3,2,3,2,3,2,3,2
2026-04-12 15:00,2.39,2,3,2,2,2,2,2,2,3,2,3,3,3,2,3,2,3,2
2026-04-12 16:00,2.44,2,3,2,2,2,2,3,2,3,2,3,3,3,2,3,2,3,2
2026-04-12 17:00,2.5,2,3,3,2,2,2,3,2,3,2,3,3,3,2,3,2,3,2
2026-04-12 18:00,2.5,2,3,3,2,2,2,3,2,3,2,3,3,3,2,3,2,3,2
2026-04-12 19:00,2.5,2,3,3,2,2,2,3,2,3,2,2,3,3,2,3,2,3,3
2026-04-12 20:00,2.11,2,2,2,2,2,2,2,2,2,2,2,2,2,2,3,2,3,2
2026-04-12 21:00,2.11,2,2,2,2,2,2,2,2,2,2,2,2,2,2,3,2,3,2
2026-04-12 22:00,2.11,2,2,2,2,2,2,2,2,2,2,2,2,2,2,3,2,3,2
2026-04-12 23:00,2.11,2,2,2,2,2,2,2,2,2,2,2,2,2,2,3,2,3,2
2026-04-13 00:00,2.06,2,2,2,2,2,2,2,2,2,2,2,2,2,2,2,2,3,2
2026-04-13 01:00,2.06,2,2,2,2,2,2,2,2,2,2,2,2,2,2,2,3,2,2
2026-04-13 02:00,2.06,2,2,2,2,2,2,2,2,2,2,2,2,2,2,2,3,2,2
2026-04-13 03:00,2.0,2,2,2,2,2,2,2,2,2,2,2,2,2,2,2,2,2,2
2026-04-13 04:00,2.0,2,2,2,2,2,2,2,2,2,2,2,2,2,2,2,2,2,2
2026-04-13 05:00,2.0,2,2,2,2,2,2,2,2,2,2,2,2,2,2,2,2,2,2
2026-04-13 06:00,2.0,2,2,2,2,2,2,2,2,2,2,2,2,2,2,2,2,2,2
2026-04-13 07:00,2.0,2,2,2,2,2,2,2,2,2,2,2,2,2,2,2,2,2,2
2026-04-13 09:00,2.0,2,2,2,2,2,2,2,2,2,2,2,2,2,2,2,2,2,2
2026-04-13 12:00,2.17,2,2,2,2,2,2,2,2,2,2,3,2,3,2,3,2,2,2
2026-04-13 15:00,2.39,2,2,3,2,2,2,3,2,3,2,3,2,3,2,3,2,3,2
2026-04-13 17:00,2.28,2,2,2,2,3,2,2,2,3,2,2,3,3,2,2,2,3,2
2026-04-13 19:00,2.06,2,2,2,2,2,2,2,2,2,2,2,2,2,2,2,2,3,2
2026-04-13 21:00,2.06,2,2,2,2,2,2,2,2,2,2,2,2,2,2,3,2,2,2
2026-04-13 23:00,2.0,2,2,2,2,2,2,2,2,2,2,2,2,2,2,2,2,2,2
2026-04-14 00:00,2.0,2,2,2,2,2,2,2,2,2,2,2,2,2,2,2,2,2,2
2026-04-14 01:00,2.0,2,2,2,2,2,2,2,2,2,2,2,2,2,2,2,2,2,2
2026-04-14 03:00,2.0,2,2,2,2,2,2,2,2,2,2,2,2,2,2,2,2,2,2
2026-04-14 04:00,1.94,2,2,2,2,2,2,2,2,2,2,2,2,2,1,2,2,2,2
2026-04-14 05:00,1.89,2,2,2,2,2,2,2,2,2,2,2,2,1,1,2,2,2,2
2026-04-14 06:00,1.94,2,2,2,2,2,2,2,2,2,2,2,2,2,1,2,2,2,2
2026-04-14 07:00,1.94,2,2,2,2,2,2,2,2,2,2,2,2,2,1,2,2,2,2
2026-04-14 09:00,1.94,2,2,2,2,2,2,2,2,2,2,2,2,2,1,2,2,2,2
2026-04-14 12:00,2.06,2,2,2,2,2,2,2,2,2,2,2,2,2,2,3,2,2,2
2026-04-14 14:00,2.11,2,2,2,2,2,2,2,2,2,2,2,2,2,2,3,2,3,2
2026-04-14 16:00,2.17,2,2,2,2,2,2,2,2,2,2,2,2,3,2,3,2,3,2
2026-04-14 18:00,2.06,2,2,2,2,2,2,2,2,2,2,2,2,2,2,2,2,3,2
2026-04-14 19:00,2.11,2,2,2,3,2,2,2,2,2,2,2,2,2,2,2,2,3,2
2026-04-14 21:00,2.11,2,2,2,3,2,2,2,2,2,2,2,2,2,2,2,2,3,2
2026-04-14 23:00,1.94,2,2,2,2,2,2,2,2,2,2,2,2,2,1,2,2,2,2
2026-04-15 00:00,1.94,2,2,2,2,2,2,2,2,2,2,2,2,2,1,2,2,2,2
2026-04-15 01:00,1.94,2,2,2,2,2,2,2,2,2,2,2,2,2,1,2,2,2,2
2026-04-15 03:00,2.0,2,2,2,2,2,2,2,2,2,2,2,2,2,2,2,2,2,2
2026-04-15 04:00,1.83,2,2,2,2,2,2,2,1,2,2,1,2,2,1,2,2,2,2
2026-04-15 05:00,1.72,2,2,2,2,2,2,2,1,2,2,1,2,1,1,2,2,2,1
2026-04-15 06:00,1.72,2,2,2,2,2,2,2,1,2,2,1,2,1,1,2,2,2,1
2026-04-15 07:00,1.78,2,2,2,2,2,2,2,1,2,2,1,2,2,1,2,2,2,1
2026-04-15 09:00,1.89,2,2,2,2,2,2,2,2,2,2,1,2,2,1,2,2,2,2
2026-04-15 12:00,2.06,2,2,2,2,2,2,2,2,2,2,2,2,2,2,2,3,2,2
2026-04-15 14:00,2.28,2,3,3,2,2,2,2,2,2,2,2,2,2,2,3,3,3,2
2026-04-15 16:00,2.5,2,3,3,2,2,2,3,2,3,2,2,3,3,2,3,3,3,2
2026-04-15 18:00,2.44,2,3,3,2,2,2,2,2,3,2,2,3,3,2,3,3,3,2
2026-04-15 19:00,2.22,2,3,2,2,2,2,2,2,2,2,2,3,2,2,3,2,3,2
2026-04-15 21:00,2.22,2,3,2,2,2,2,2,2,2,2,2,3,2,2,3,2,3,2
2026-04-15 22:00,2.17,2,2,2,2,2,2,2,2,2,2,2,2,2,2,3,3,3,2
2026-04-15 23:00,2.11,2,2,2,2,2,2,2,2,2,2,2,2,2,1,3,3,3,2
2026-04-16 01:00,2.0,2,2,2,2,2,2,2,2,2,2,2,2,2,1,3,2,2,2
2026-04-16 03:00,1.94,2,2,2,2,2,2,2,2,2,2,2,2,2,1,2,2,2,2
2026-04-16 04:00,1.94,2,2,2,2,2,2,2,2,2,2,2,2,2,1,2,2,2,2
2026-04-16 05:00,1.94,2,2,2,2,2,2,2,2,2,2,2,2,2,1,2,2,2,2
2026-04-16 06:00,1.94,2,2,2,2,2,2,2,2,2,2,2,2,2,1,2,2,2,2
2026-04-16 07:00,1.94,2,2,2,2,2,2,2,2,2,2,2,2,2,1,2,2,2,2
2026-04-16 09:00,1.94,2,2,2,2,2,2,2,2,2,2,2,2,2,1,2,2,2,2
2026-04-16 12:00,2.22,2,3,3,2,2,2,2,2,2,2,2,2,2,2,3,3,2,2
2026-04-16 14:00,2.5,2,3,3,2,2,2,2,2,3,2,3,3,3,2,3,3,3,2
2026-04-16 16:00,2.78,2,3,3,3,3,3,3,2,3,2,3,3,3,2,3,3,3,3
2026-04-16 18:00,2.78,2,3,3,3,3,2,3,2,3,2,3,3,3,3,3,3,3,3
2026-04-16 19:00,2.67,2,3,3,2,3,2,3,2,3,2,2,3,3,4,3,3,3,2
2026-04-16 21:00,2.61,2,3,3,2,2,2,2,2,3,2,2,3,3,5,3,3,3,2
2026-04-16 23:00,2.28,2,3,3,2,2,2,2,2,2,2,2,2,2,3,3,2,3,2
2026-04-17 01:00,1.89,2,2,2,2,2,2,2,2,2,1,2,2,2,1,2,2,2,2
2026-04-17 02:00,1.94,2,2,2,2,2,2,2,2,2,1,2,2,2,1,3,2,2,2
2026-04-17 03:00,1.89,2,2,2,2,2,2,2,2,2,1,2,2,2,1,2,2,2,2
2026-04-17 04:00,1.89,2,2,2,2,2,2,2,2,2,1,2,2,2,1,2,2,2,2
2026-04-17 05:00,1.89,2,2,2,2,2,2,2,2,2,1,2,2,2,1,2,2,2,2
2026-04-17 06:00,1.78,2,2,2,2,2,1,2,2,2,1,2,2,2,1,2,2,2,1
2026-04-17 07:00,1.83,2,2,2,2,2,1,2,2,2,1,2,2,2,1,2,2,2,2
2026-04-17 09:00,1.94,2,2,2,2,2,2,2,2,2,1,2,2,2,1,3,2,2,2
2026-04-17 12:00,2.22,2,2,2,2,2,2,2,2,2,2,2,2,2,3,3,3,3,2
2026-04-17 14:00,2.39,2,3,2,3,3,2,2,2,2,2,2,2,3,2,3,3,3,2
2026-04-17 16:00,2.83,2,3,3,3,3,2,3,3,3,2,3,3,4,2,3,3,3,3
2026-04-17,3,3,3,3,3,2,3,3,2,3,3,2,3,2,3,3,3,4,0,80.0,80.0,80.0,80.0,80.0,80.0,80.0,80.0,80.0,80.0,80.0,80.0,80.0,80.0,80.0,80.0,80.0,180.0,180.0,180.0,180.0,180.0,180.0,180.0,180.0,180.0,180.0,180.0,180.0,180.0,180.0,180.0,180.0,180.0,180.0,180.0,180.0,180.0,180.0,180.0,180.0,180.0,180.0,180.0,180.0,180.0,5.0,5.0,5.0,5.0,5.0,5.0,5.0,5.0,5.0,5.0,5.0,5.0,5.0,5.0,5.0,5.0,5.0,5.0,5.0,5.0,5.0,5.0,5.0,5.0,5.0,5.0,5.0,5.0,5.0
2026-04-17,3,3,3,3,3,3,3,3,3,3,3,3,3,3,3,3,3,3,0,79.0,79.0,79.0,79.0,79.0,79.0,79.0,79.0,79.0,79.0,79.0,79.0,79.0,79.0,79.0,79.0,79.0,0.0,0.0,0.0,0.0,0.0,0.0,0.0,0.0,0.0,0.0,0.0,0.0,0.0,0.0,0.0,0.0,0.0,0.0,0.0,0.0,0.0,0.0,0.0,0.0,0.0,0.0,0.0,0.0,0.0,5.0,5.0,5.0,5.0,5.0,5.0,5.0,5.0,5.0,5.0,5.0,5.0,5.0,5.0,5.0,5.0,5.0,5.0,5.0,5.0,5.0,5.0,5.0,5.0,5.0,5.0,5.0,5.0,5.0
2026-04-17,3,3,3,3,3,3,3,3,3,3,3,3,3,3,3,3,3,3,0,79.0,79.0,79.0,79.0,79.0,79.0,79.0,79.0,79.0,79.0,79.0,79.0,79.0,79.0,79.0,79.0,79.0,180.0,180.0,180.0,180.0,180.0,180.0,180.0,180.0,180.0,180.0,180.0,180.0,180.0,180.0,180.0,180.0,180.0,180.0,180.0,180.0,180.0,180.0,180.0,180.0,180.0,180.0,180.0,180.0,180.0,5.0,5.0,5.0,5.0,5.0,5.0,5.0,5.0,5.0,5.0,5.0,5.0,5.0,5.0,5.0,5.0,5.0,5.0,5.0,5.0,5.0,5.0,5.0,5.0,5.0,5.0,5.0,5.0,5.0
2026-04-17,3,3,3,3,3,3,3,3,3,3,3,3,3,3,3,3,3,3,0,79.0,79.0,79.0,79.0,79.0,79.0,79.0,79.0,79.0,79.0,79.0,79.0,79.0,79.0,79.0,79.0,79.0,180.0,180.0,180.0,180.0,180.0,180.0,180.0,180.0,180.0,180.0,180.0,180.0,180.0,180.0,180.0,180.0,180.0,180.0,180.0,180.0,180.0,180.0,180.0,180.0,180.0,180.0,180.0,180.0,180.0,5.0,5.0,5.0,5.0,5.0,5.0,5.0,5.0,5.0,5.0,5.0,5.0,5.0,5.0,5.0,5.0,5.0,5.0,5.0,5.0,5.0,5.0,5.0,5.0,5.0,5.0,5.0,5.0,5.0
2026-04-17,3,3,3,3,3,3,3,3,3,3,3,3,3,3,3,3,3,3,0,79.0,79.0,79.0,79.0,79.0,79.0,79.0,79.0,79.0,79.0,79.0,79.0,79.0,79.0,79.0,79.0,79.0,180.0,180.0,180.0,180.0,180.0,180.0,180.0,180.0,180.0,180.0,180.0,180.0,180.0,180.0,180.0,180.0,180.0,180.0,180.0,180.0,180.0,180.0,180.0,180.0,180.0,180.0,180.0,180.0,180.0,5.0,5.0,5.0,5.0,5.0,5.0,5.0,5.0,5.0,5.0,5.0,5.0,5.0,5.0,5.0,5.0,5.0,5.0,5.0,5.0,5.0,5.0,5.0,5.0,5.0,5.0,5.0,5.0,5.0
2026-04-17,3,3,3,3,3,3,3,3,3,3,3,3,3,3,3,3,3,3,0,79.0,79.0,79.0,79.0,79.0,79.0,79.0,79.0,79.0,79.0,79.0,79.0,79.0,79.0,79.0,79.0,79.0,180.0,180.0,180.0,180.0,180.0,180.0,180.0,180.0,180.0,180.0,180.0,180.0,180.0,180.0,180.0,180.0,180.0,180.0,180.0,180.0,180.0,180.0,180.0,180.0,180.0,180.0,180.0,180.0,180.0,5.0,5.0,5.0,5.0,5.0,5.0,5.0,5.0,5.0,5.0,5.0,5.0,5.0,5.0,5.0,5.0,5.0,5.0,5.0,5.0,5.0,5.0,5.0,5.0,5.0,5.0,5.0,5.0,5.0
2026-04-17,3,3,3,3,3,3,3,3,3,3,3,3,3,3,3,3,3,3,0,79.0,79.0,79.0,79.0,79.0,79.0,79.0,79.0,79.0,79.0,79.0,79.0,79.0,79.0,79.0,79.0,79.0,0.0,0.0,0.0,0.0,0.0,0.0,0.0,0.0,0.0,0.0,0.0,0.0,0.0,0.0,0.0,0.0,0.0,0.0,0.0,0.0,0.0,0.0,0.0,0.0,0.0,0.0,0.0,0.0,0.0,5.0,5.0,5.0,5.0,5.0,5.0,5.0,5.0,5.0,5.0,5.0,5.0,5.0,5.0,5.0,5.0,5.0,5.0,5.0,5.0,5.0,5.0,5.0,5.0,5.0,5.0,5.0,5.0,5.0
2026-04-17,3,3,3,3,3,3,3,3,3,3,3,3,3,3,3,3,3,3,0,79.0,79.0,79.0,79.0,79.0,79.0,79.0,79.0,79.0,79.0,79.0,79.0,79.0,79.0,79.0,79.0,79.0,0.0,0.0,0.0,0.0,0.0,0.0,0.0,0.0,0.0,0.0,0.0,0.0,0.0,0.0,0.0,0.0,0.0,0.0,0.0,0.0,0.0,0.0,0.0,0.0,0.0,0.0,0.0,0.0,0.0,5.0,5.0,5.0,5.0,5.0,5.0,5.0,5.0,5.0,5.0,5.0,5.0,5.0,5.0,5.0,5.0,5.0,5.0,5.0,5.0,5.0,5.0,5.0,5.0,5.0,5.0,5.0,5.0,5.0
2026-04-17,3,3,3,3,3,3,3,3,3,3,3,3,3,3,3,3,3,3,0,94.0,94.0,94.0,94.0,94.0,94.0,94.0,94.0,94.0,94.0,94.0,94.0,94.0,94.0,94.0,94.0,94.0,225,0.0,0.0,270,315,270,315,270,270,90,180,0,270,315,201.7,0.0,201.7,225,270,225,201.7,315,201.7,225,201.7,270,180,0.0,135,17.0,9.0,9.0,26.0,13.0,9.0,6.0,6.0,17.0,27.0,5.0,7.0,37.0,8.0,10.6,5.0,10.6,4.0,35.0,4.0,10.6,5.0,10.6,4.0,10.6,5.0,1.0,0.0,1.0
2026-04-17 18:05,3,3,3,3,3,2,3,4,2,4,3,3,3,3,3,3,3,4,0,89.0,89.0,89.0,89.0,89.0,89.0,89.0,89.0,89.0,89.0,89.0,89.0,89.0,89.0,89.0,89.0,89.0,315,270,270,315,0,225,315,45,270,315,225,270,270,270,225.0,0.0,225.0,0.0,0.0,225,225.0,45,225.0,135,270,45,180,0.0,180,19.0,12.0,17.0,5.0,6.0,17.0,1.0,1.0,5.0,9.0,13.0,22.0,6.0,1.0,6.4,6.0,6.4,0.0,0.0,7.0,6.4,1.0,6.4,1.0,10.0,3.0,6.0,0.0,4.0
2026-04-17 18:07,3,3,3,3,3,2,3,4,2,4,3,3,3,3,3,3,3,4,0,89.0,89.0,89.0,89.0,89.0,89.0,89.0,89.0,89.0,89.0,89.0,89.0,89.0,89.0,89.0,89.0,89.0,315,270,270,315,0,225,315,45,270,315,225,270,270,270,225.0,0.0,225.0,0.0,0.0,225,225.0,45,225.0,135,270,45,180,0.0,180,19.0,12.0,17.0,5.0,6.0,17.0,1.0,1.0,5.0,9.0,13.0,22.0,6.0,1.0,6.4,6.0,6.4,0.0,0.0,7.0,6.4,1.0,6.4,1.0,10.0,3.0,6.0,0.0,4.0
2026-04-17 19:42,3,3,3,3,3,3,4,4,2,3,3,3,3,3,3,3,3,4,0,91.0,91.0,91.0,91.0,91.0,91.0,91.0,91.0,91.0,91.0,91.0,91.0,91.0,91.0,91.0,91.0,91.0,180,135,135,90,90,90,180,45,45,135,135,315,0.0,90,225.0,90,225.0,45,90,225,225.0,225,225.0,135,270,0,270,0.0,135,6.0,11.0,18.0,6.0,18.0,24.0,6.0,5.0,8.0,12.0,21.0,10.0,0.0,9.0,9.4,22.0,9.4,6.0,8.0,10.0,9.4,9.0,9.4,3.0,15.0,5.0,8.0,0.0,8.0
2026-04-17 20:55,3,3,3,3,3,3,3,4,2,3,3,3,3,3,3,3,3,3,0,91.0,91.0,91.0,91.0,91.0,91.0,91.0,91.0,91.0,91.0,91.0,91.0,91.0,91.0,91.0,91.0,91.0,90,225,180,270,180,315,225,225,270,0.0,0,270,0.0,180,225.0,45,225.0,315,0.0,225,225.0,225,225.0,270,315,270,225,0.0,0.0,10.0,3.0,8.0,10.0,28.0,10.0,2.0,9.0,6.0,0.0,5.0,11.0,4.0,11.0,7.3,14.0,7.3,10.0,0.0,11.0,7.3,8.0,7.3,6.0,11.0,5.0,9.0,0.0,0.0
2026-04-17 22:17,3,3,3,3,3,3,3,4,2,3,3,3,4,3,3,3,3,3,0,90.0,90.0,90.0,90.0,90.0,90.0,90.0,90.0,90.0,90.0,90.0,90.0,90.0,90.0,90.0,90.0,90.0,270,0,315,270,0,315,225,225,270,0,315,315,270,315,225.0,0.0,225.0,0.0,270,0,225.0,270,225.0,90,225,315,0.0,0.0,0.0,19.0,6.0,12.0,10.0,6.0,24.0,1.0,4.0,7.0,10.0,22.0,23.0,12.0,12.0,9.0,12.0,9.0,1.0,11.0,4.0,9.0,8.0,9.0,1.0,6.0,8.0,8.0,0.0,3.0
2026-04-17 23:50,3,4,4,4,3,3,3,3,2,3,3,3,4,4,4,3,3,3,0,86.0,86.0,86.0,86.0,86.0,86.0,86.0,86.0,86.0,86.0,86.0,86.0,86.0,86.0,86.0,86.0,86.0,315,0,0,270,0,0.0,135,90,270,0,90,315,270,315,225.0,0.0,225.0,0.0,270,45,225.0,315,225.0,180,90,225,0,0.0,0.0,19.0,15.0,15.0,12.0,22.0,1.0,5.0,1.0,5.0,12.0,6.0,17.0,11.0,19.0,7.3,5.0,7.3,0.0,12.0,1.0,7.3,5.0,7.3,1.0,7.0,3.0,4.0,0.0,0.0
2026-04-18 00:43,3,4,3,4,3,3,3,4,2,3,3,3,4,4,4,3,3,3,0,80.0,80.0,80.0,80.0,80.0,80.0,80.0,80.0,80.0,80.0,80.0,80.0,80.0,80.0,80.0,80.0,80.0,0,315,315,315,315,315,135,315,270,0,315,0.0,270,315,225.0,0,225.0,90,270,0,225.0,270,225.0,315,180,270,45,0.0,0.0,12.0,4.0,6.0,15.0,27.0,12.0,3.0,5.0,8.0,18.0,13.0,18.0,12.0,22.0,8.5,12.0,8.5,1.0,16.0,1.0,8.5,9.0,8.5,3.0,3.0,3.0,5.0,0.0,0.0
2026-04-18 01:40,4,4,3,4,3,3,3,3,2,3,3,3,4,4,4,3,3,3,0,82.0,82.0,82.0,82.0,82.0,82.0,82.0,82.0,82.0,82.0,82.0,82.0,82.0,82.0,82.0,82.0,82.0,0,135,225,270,315,315,0,0,270,0,0,315,270,315,225.0,0,225.0,135,270,45,225.0,270,225.0,270,225,180,45,0.0,315,5.0,3.0,5.0,19.0,20.0,10.0,5.0,4.0,9.0,19.0,12.0,21.0,23.0,19.0,8.6,13.0,8.6,1.0,23.0,1.0,8.6,4.0,8.6,1.0,3.0,2.0,6.0,0.0,3.0
2026-04-18 02:43,4,4,3,4,3,3,3,3,2,3,2,3,3,4,4,3,3,3,0,83.0,83.0,83.0,83.0,83.0,83.0,83.0,83.0,83.0,83.0,83.0,83.0,83.0,83.0,83.0,83.0,83.0,45,0,0,270,0,315,315,315,270,0,0,315,270,315,225.0,0,225.0,0.0,270,45,225.0,0,225.0,0.0,0.0,270,45,0.0,0.0,4.0,13.0,14.0,10.0,16.0,11.0,3.0,4.0,6.0,15.0,15.0,21.0,16.0,16.0,7.6,10.0,7.6,1.0,14.0,2.0,7.6,5.0,7.6,0.0,1.0,4.0,4.0,0.0,0.0
2026-04-18 03:52,3,4,3,4,3,3,3,3,2,3,2,3,3,4,4,3,3,3,0,84.0,84.0,84.0,84.0,84.0,84.0,84.0,84.0,84.0,84.0,84.0,84.0,84.0,84.0,84.0,84.0,84.0,0.0,315,315,270,315,0.0,0.0,315,270,0,0.0,315,270,315,225.0,0,225.0,0.0,270,270,225.0,270,225.0,0.0,270,315,45,0.0,0.0,0.0,10.0,8.0,12.0,17.0,4.0,0.0,3.0,10.0,11.0,3.0,24.0,14.0,8.0,5.6,6.0,5.6,0.0,15.0,1.0,5.6,1.0,5.6,0.0,3.0,1.0,4.0,0.0,0.0
2026-04-18 04:35,3,4,3,4,3,3,3,3,2,3,2,2,3,4,4,3,3,3,0,85.0,85.0,85.0,85.0,85.0,85.0,85.0,85.0,85.0,85.0,85.0,85.0,85.0,85.0,85.0,85.0,85.0,0.0,315,315,270,315,0.0,0.0,315,270,0,0,0,270,315,225.0,0,225.0,0.0,270,0.0,225.0,225,225.0,0.0,0.0,270,45,0.0,0.0,0.0,8.0,7.0,12.0,11.0,4.0,0.0,3.0,6.0,11.0,3.0,23.0,8.0,15.0,5.0,7.0,5.0,0.0,11.0,0.0,5.0,1.0,5.0,0.0,2.0,4.0,2.0,0.0,0.0
2026-04-18 05:33,3,3,3,3,3,3,2,3,2,3,2,2,3,4,4,2,3,3,0,84.0,84.0,84.0,84.0,84.0,84.0,84.0,84.0,84.0,84.0,84.0,84.0,84.0,84.0,84.0,84.0,84.0,0.0,0,0,270,315,0.0,0.0,0.0,270,315,135,315,270,315,225.0,0,225.0,135,270,0.0,225.0,0,225.0,0.0,270,270,0,0.0,0.0,0.0,11.0,10.0,13.0,10.0,4.0,0.0,0.0,10.0,14.0,1.0,15.0,12.0,12.0,5.5,7.0,5.5,1.0,15.0,0.0,5.5,2.0,5.5,0.0,1.0,3.0,1.0,0.0,0.0
2026-04-18 06:28,3,3,3,3,3,3,2,3,2,3,2,2,3,4,4,2,3,3,0,83.0,83.0,83.0,83.0,83.0,83.0,83.0,83.0,83.0,83.0,83.0,83.0,83.0,83.0,83.0,83.0,83.0,0.0,0,0,315,315,0.0,0.0,315,225,315,135,315,225,315,225.0,0.0,225.0,90,270,225,225.0,0.0,225.0,0.0,315,225,45,0.0,0.0,0.0,11.0,12.0,9.0,18.0,4.0,0.0,1.0,4.0,17.0,1.0,15.0,9.0,9.0,5.1,8.0,5.1,2.0,8.0,1.0,5.1,0.0,5.1,0.0,4.0,1.0,1.0,0.0,0.0
2026-04-18 07:30,3,3,3,3,3,2,2,3,2,3,2,2,3,3,4,2,3,2,0,85.0,85.0,85.0,85.0,85.0,85.0,85.0,85.0,85.0,85.0,85.0,85.0,85.0,85.0,85.0,85.0,85.0,0.0,315,315,315,0,0.0,45,45,270,315,90,315,270,315,225.0,0.0,225.0,0.0,270,270,225.0,315,225.0,0.0,90,225,45,0.0,0.0,0.0,6.0,4.0,12.0,12.0,1.0,1.0,2.0,4.0,12.0,3.0,10.0,9.0,8.0,4.0,6.0,4.0,0.0,10.0,1.0,4.0,1.0,4.0,0.0,1.0,1.0,5.0,0.0,0.0
2026-04-18 09:20,3,3,3,3,3,2,2,3,2,3,2,2,3,3,4,2,3,3,0,79.0,79.0,79.0,79.0,79.0,79.0,79.0,79.0,79.0,79.0,79.0,79.0,79.0,79.0,79.0,79.0,79.0,0.0,225,135,270,315,315,90,135,270,0,270,270,270,315,225.0,315,225.0,315,315,0.0,225.0,90,225.0,270,90,315,0.0,0.0,0.0,0.0,4.0,6.0,14.0,4.0,9.0,4.0,4.0,8.0,6.0,5.0,9.0,9.0,5.0,4.7,9.0,4.7,4.0,11.0,1.0,4.7,1.0,4.7,3.0,4.0,4.0,1.0,0.0,1.0
2026-04-18 12:24,5,5,5,5,4,4,5,5,3,5,4,5,5,5,5,4,5,5,0,70.0,70.0,70.0,70.0,70.0,70.0,70.0,70.0,70.0,70.0,70.0,70.0,70.0,70.0,70.0,70.0,70.0,270,0.0,180,270,315,270,225,0.0,270,270,270,0.0,270,315,225.0,0.0,225.0,315,270,45,225.0,180,225.0,270,270,270,315,0.0,0.0,14.0,1.0,6.0,14.0,7.0,10.0,11.0,8.0,16.0,5.0,17.0,7.0,19.0,20.0,10.0,10.0,10.0,10.0,14.0,8.0,10.0,12.0,10.0,8.0,12.0,15.0,8.0,0.0,4.0
2026-04-18 14:07,6,6,6,6,6,6,7,6,5,7,5,6,6,6,6,6,6,7,0,58.0,58.0,58.0,58.0,58.0,58.0,58.0,58.0,58.0,58.0,58.0,58.0,58.0,58.0,58.0,58.0,58.0,225.0,225.0,225.0,225.0,225.0,225.0,225.0,225.0,225.0,225.0,225.0,225.0,225.0,225.0,225.0,225.0,225.0,225.0,225.0,225.0,225.0,225.0,225.0,225.0,225.0,225.0,225.0,225.0,225.0,8.0,8.0,8.0,8.0,8.0,8.0,8.0,8.0,8.0,8.0,8.0,8.0,8.0,8.0,8.0,8.0,8.0,8.0,8.0,8.0,8.0,8.0,8.0,8.0,8.0,8.0,8.0,8.0,8.0
2026-04-18 15:54,6,7,7,7,7,7,7,7,5,7,7,7,7,6,7,7,7,7,0,61.0,61.0,61.0,61.0,61.0,61.0,61.0,61.0,61.0,61.0,61.0,61.0,61.0,61.0,61.0,61.0,61.0,225,225,225,270,270,0.0,225,270,270,225,225,270,270,315,225.0,0.0,225.0,270,270,270,225.0,90,225.0,270,270,270,315,0.0,315,14.0,12.0,13.0,15.0,6.0,4.0,8.0,8.0,18.0,9.0,12.0,12.0,23.0,14.0,10.2,6.0,10.2,10.0,18.0,8.0,10.2,3.0,10.2,9.0,16.0,9.0,7.0,0.0,6.0
2026-04-18 16:37,7,7,7,7,7,7,7,7,5,7,7,7,7,7,7,7,7,7,0,62.0,62.0,62.0,62.0,62.0,62.0,62.0,62.0,62.0,62.0,62.0,62.0,62.0,62.0,62.0,62.0,62.0,225,225,180,270,270,0.0,225,225,270,225,270,270,270,315,225.0,0.0,225.0,270,270,225,225.0,45,225.0,225,270,270,315,0.0,0.0,16.0,10.0,8.0,16.0,9.0,5.0,6.0,6.0,12.0,11.0,15.0,10.0,19.0,8.0,9.4,5.0,9.4,9.0,17.0,8.0,9.4,6.0,9.4,9.0,12.0,9.0,9.0,0.0,4.0
2026-04-18 17:38,6,7,6,6,6,6,6,6,5,6,6,6,7,6,6,6,6,6,0,63.0,63.0,63.0,63.0,63.0,63.0,63.0,63.0,63.0,63.0,63.0,63.0,63.0,63.0,63.0,63.0,63.0,225,225,225,270,225,0.0,225,225,270,225,225,270,270,180,225.0,0.0,225.0,315,270,225,225.0,225,225.0,225,270,0.0,315,0.0,315,19.0,12.0,10.0,18.0,18.0,3.0,6.0,9.0,8.0,10.0,12.0,9.0,15.0,6.0,8.9,4.0,8.9,5.0,16.0,6.0,8.9,5.0,8.9,9.0,12.0,6.0,9.0,0.0,4.0
2026-04-18 18:31,6,7,6,6,6,6,6,6,6,6,6,6,6,6,6,6,6,6,0,65.0,65.0,65.0,65.0,65.0,65.0,65.0,65.0,65.0,65.0,65.0,65.0,65.0,65.0,65.0,65.0,65.0,270,225,225,270,225,225,225,225,270,225,225,315,270,225,225.0,0.0,225.0,270,270,225,225.0,225,225.0,225,315,225,270,0.0,225,22.0,12.0,11.0,7.0,18.0,14.0,9.0,4.0,8.0,11.0,13.0,13.0,12.0,8.0,8.6,6.0,8.6,5.0,12.0,10.0,8.6,6.0,8.6,10.0,12.0,4.0,1.0,0.0,3.0
2026-04-18 19:26,6,7,6,6,6,6,6,6,6,6,6,6,6,6,6,6,6,6,0,80.0,80.0,80.0,80.0,80.0,80.0,80.0,80.0,80.0,80.0,80.0,80.0,80.0,80.0,80.0,80.0,80.0,225.0,225.0,225.0,225.0,225.0,225.0,225.0,225.0,225.0,225.0,225.0,225.0,225.0,225.0,225.0,225.0,225.0,225.0,225.0,225.0,225.0,225.0,225.0,225.0,225.0,225.0,225.0,225.0,225.0,8.0,8.0,8.0,8.0,8.0,8.0,8.0,8.0,8.0,8.0,8.0,8.0,8.0,8.0,8.0,8.0,8.0,8.0,8.0,8.0,8.0,8.0,8.0,8.0,8.0,8.0,8.0,8.0,8.0
2026-04-18 20:38,6,6,6,6,6,7,6,6,5,6,6,6,6,6,6,6,6,6,0,73.0,73.0,73.0,73.0,73.0,73.0,73.0,73.0,73.0,73.0,73.0,73.0,73.0,73.0,73.0,73.0,73.0,270,270,270,315,225,225,45,225,270,270,180,315,270,0.0,225.0,180,225.0,0.0,315,225,225.0,315,225.0,0.0,270,270,90,0.0,135,14.0,6.0,10.0,9.0,8.0,10.0,1.0,6.0,6.0,10.0,4.0,15.0,12.0,1.0,6.2,12.0,6.2,0.0,8.0,4.0,6.2,3.0,6.2,0.0,15.0,2.0,6.0,0.0,3.0
2026-04-18 21:25,6,6,6,6,6,7,6,6,5,6,6,6,6,6,6,6,6,6,0,73.0,73.0,73.0,73.0,73.0,73.0,73.0,73.0,73.0,73.0,73.0,73.0,73.0,73.0,73.0,73.0,73.0,225,270,225,315,180,225,180,90,270,0.0,180,270,270,180,225.0,225,225.0,135,315,270,225.0,45,225.0,180,270,0.0,135,0.0,180,12.0,6.0,10.0,8.0,17.0,8.0,1.0,1.0,5.0,0.0,9.0,10.0,5.0,5.0,5.2,12.0,5.2,1.0,6.0,1.0,5.2,4.0,5.2,1.0,9.0,1.0,3.0,0.0,3.0
2026-04-18 21:55,6,6,6,6,6,7,6,6,4,7,6,5,6,6,6,6,6,7,0,73.0,73.0,73.0,73.0,73.0,73.0,73.0,73.0,73.0,73.0,73.0,73.0,73.0,73.0,73.0,73.0,73.0,225,270,225,315,225,225,0.0,225,270,0.0,270,315,270,270,225.0,225,225.0,135,315,180,225.0,315,225.0,225,315,0.0,135,0.0,0.0,14.0,9.0,14.0,1.0,12.0,8.0,0.0,4.0,8.0,1.0,3.0,9.0,6.0,2.0,4.5,10.0,4.5,1.0,3.0,1.0,4.5,1.0,4.5,1.0,9.0,0.0,3.0,0.0,0.0
2026-04-18 22:34,6,7,6,7,6,6,7,6,3,7,7,5,6,7,6,6,6,7,0,76.0,76.0,76.0,76.0,76.0,76.0,76.0,76.0,76.0,76.0,76.0,76.0,76.0,76.0,76.0,76.0,76.0,270,270,270,270,225,180,0.0,0.0,270,270,270,315,270,270,225.0,225,225.0,135,315,270,225.0,0,225.0,135,315,225,135,0.0,0.0,14.0,5.0,8.0,6.0,9.0,9.0,0.0,1.0,10.0,5.0,4.0,9.0,6.0,3.0,5.1,11.0,5.1,2.0,8.0,1.0,5.1,1.0,5.1,1.0,4.0,3.0,2.0,0.0,0.0
